{"cameraMode":{"drawMode":0,"name":"Shaded","section":"Shading Mode"},"sceneLighting":true,"audioPlay":false,"sceneViewState":{"m_AlwaysRefresh":false,"showFog":true,"showSkybox":true,"showFlares":true,"showImageEffects":true,"showParticleSystems":true,"showVisualEffectGraphs":true,"m_FxEnabled":true},"in2DMode":false,"pivot":{"x":-1.8219455480575562,"y":1.0700645446777344,"z":-13.615829467773438},"rotation":{"x":-0.09675302356481552,"y":0.001498123281635344,"z":-0.00014308282698038965,"w":-0.995326578617096},"size":0.37082260847091677,"orthographic":false}