{"cameraMode":{"drawMode":0,"name":"Shaded","section":"Shading Mode"},"sceneLighting":true,"audioPlay":false,"sceneViewState":{"m_AlwaysRefresh":false,"showFog":true,"showSkybox":true,"showFlares":true,"showImageEffects":true,"showParticleSystems":true,"showVisualEffectGraphs":true,"m_FxEnabled":true},"in2DMode":false,"pivot":{"x":-0.09501326084136963,"y":0.30623114109039309,"z":-0.2567208707332611},"rotation":{"x":-0.035862188786268237,"y":0.7175210118293762,"z":0.03706657141447067,"w":0.6946579217910767},"size":0.600571870803833,"orthographic":false}